{"cameraMode":{"drawMode":0,"name":"Shaded","section":"Shading Mode"},"sceneLighting":false,"audioPlay":false,"sceneViewState":{"m_AlwaysRefresh":false,"showFog":true,"showSkybox":true,"showFlares":true,"showImageEffects":true,"showParticleSystems":true,"showVisualEffectGraphs":true,"m_FxEnabled":true},"in2DMode":false,"pivot":{"x":1.7925699949264527,"y":1.176064133644104,"z":-5.565779685974121},"rotation":{"x":-0.03322558477520943,"y":-0.06831156462430954,"z":0.0022763425949960949,"w":-0.9971086978912354},"size":0.7864490151405335,"orthographic":false}